<?xml version="1.0" encoding="UTF-8"?>
<project-private xmlns="http://www.netbeans.org/ns/project-private/1">
    <editor-bookmarks xmlns="http://www.netbeans.org/ns/editor-bookmarks/2" lastBookmarkId="0"/>
    <open-files xmlns="http://www.netbeans.org/ns/projectui-open-files/2">
        <group>
            <file>file:/C:/Users/nkotchs/Downloads/studentSoap-master/studentSoap-master/StudentSoapClient/src/studentsoapclient/StudentSoapClient.java</file>
            <file>file:/C:/Users/nkotchs/Downloads/studentSoap-master/studentSoap-master/StudentSoapClient/src/META-INF/wsdl/localhost_8080/StudentSoap/StudentWebService.xsd_1.xsd</file>
            <file>file:/C:/Users/nkotchs/Downloads/studentSoap-master/studentSoap-master/StudentSoapClient/src/META-INF/jax-ws-catalog.xml</file>
            <file>file:/C:/Users/nkotchs/Downloads/studentSoap-master/studentSoap-master/StudentSoapClient/src/META-INF/wsdl/localhost_8080/StudentSoap/StudentWebService.wsdl</file>
            <file>file:/C:/Users/nkotchs/Downloads/studentSoap-master/studentSoap-master/StudentSoapClient/xml-resources/web-service-references/StudentWebService/wsdl/localhost_8080/StudentSoap/StudentWebService.wsdl</file>
        </group>
    </open-files>
</project-private>
