<?xml version="1.0" encoding="UTF-8"?>
<project-private xmlns="http://www.netbeans.org/ns/project-private/1">
    <editor-bookmarks xmlns="http://www.netbeans.org/ns/editor-bookmarks/2" lastBookmarkId="0"/>
    <open-files xmlns="http://www.netbeans.org/ns/projectui-open-files/2">
        <group>
            <file>file:/C:/Users/nkotchs/Downloads/studentSoap-master/studentSoap-master/StudentSoap/src/java/model/StudentTable.java</file>
            <file>file:/C:/Users/nkotchs/Downloads/studentSoap-master/studentSoap-master/StudentSoap/web/WEB-INF/web.xml</file>
            <file>file:/C:/Users/nkotchs/Downloads/studentSoap-master/studentSoap-master/StudentSoap/src/conf/MANIFEST.MF</file>
            <file>file:/C:/Users/nkotchs/Downloads/studentSoap-master/studentSoap-master/StudentSoap/src/java/services/StudentWebService.java</file>
            <file>file:/C:/Users/nkotchs/Downloads/studentSoap-master/studentSoap-master/StudentSoap/src/java/model/Student.java</file>
            <file>file:/C:/Users/nkotchs/Downloads/studentSoap-master/studentSoap-master/StudentSoap/src/conf/persistence.xml</file>
        </group>
    </open-files>
</project-private>
